annotator_a,annotator_b,n_ids,n_tokens,agreement_rate,cohen_kappa
ann_8ac1bf,ann_f2aee8,674,5434,0.7351858667648141,0.5996172477526643
ann_78009b,ann_8ac1bf,652,5210,0.7412667946257198,0.6047834223193587
ann_8ac1bf,ann_928994,705,5909,0.7463191741411407,0.6090159919754972
ann_3adc6b,ann_928994,661,5192,0.8480354391371341,0.7895737264370297
ann_3adc6b,ann_78009b,647,5379,0.8559211749395799,0.7981034713141029
ann_3adc6b,ann_f2aee8,681,5653,0.8574208384928357,0.8033974485048159
ann_78009b,ann_928994,1971,15698,1.0,1.0
ann_928994,ann_f2aee8,2002,15989,1.0,1.0
ann_78009b,ann_f2aee8,2007,16717,1.0,1.0
